Jobid;File Format;File System Type;Process_IO;File Name;Access_Mode;POSIX_ACCESS1_ACCESS;POSIX_ACCESS1_COUNT;POSIX_ACCESS2_ACCESS;POSIX_ACCESS2_COUNT;POSIX_ACCESS3_ACCESS;POSIX_ACCESS3_COUNT;POSIX_ACCESS4_ACCESS;POSIX_ACCESS4_COUNT;POSIX_BYTES_READ;POSIX_BYTES_WRITTEN;POSIX_CONSEC_READS;POSIX_CONSEC_WRITES;POSIX_DUPS;POSIX_FASTEST_RANK;POSIX_FASTEST_RANK_BYTES;POSIX_FDSYNCS;POSIX_FILENOS;POSIX_FILE_ALIGNMENT;POSIX_FILE_NOT_ALIGNED;POSIX_FSYNCS;POSIX_F_CLOSE_END_TIMESTAMP;POSIX_F_CLOSE_START_TIMESTAMP;POSIX_F_FASTEST_RANK_TIME;POSIX_F_MAX_READ_TIME;POSIX_F_MAX_WRITE_TIME;POSIX_F_META_TIME;POSIX_F_OPEN_END_TIMESTAMP;POSIX_F_OPEN_START_TIMESTAMP;POSIX_F_READ_END_TIMESTAMP;POSIX_F_READ_START_TIMESTAMP;POSIX_F_READ_TIME;POSIX_F_SLOWEST_RANK_TIME;POSIX_F_VARIANCE_RANK_BYTES;POSIX_F_VARIANCE_RANK_TIME;POSIX_F_WRITE_END_TIMESTAMP;POSIX_F_WRITE_START_TIMESTAMP;POSIX_F_WRITE_TIME;POSIX_MAX_BYTE_READ;POSIX_MAX_BYTE_WRITTEN;POSIX_MAX_READ_TIME_SIZE;POSIX_MAX_WRITE_TIME_SIZE;POSIX_MEM_ALIGNMENT;POSIX_MEM_NOT_ALIGNED;POSIX_MMAPS;POSIX_MODE;POSIX_OPENS;POSIX_READS;POSIX_RENAMED_FROM;POSIX_RENAME_SOURCES;POSIX_RENAME_TARGETS;POSIX_RW_SWITCHES;POSIX_SEEKS;POSIX_SEQ_READS;POSIX_SEQ_WRITES;POSIX_SIZE_READ_0_100;POSIX_SIZE_READ_100K_1M;POSIX_SIZE_READ_100M_1G;POSIX_SIZE_READ_100_1K;POSIX_SIZE_READ_10K_100K;POSIX_SIZE_READ_10M_100M;POSIX_SIZE_READ_1G_PLUS;POSIX_SIZE_READ_1K_10K;POSIX_SIZE_READ_1M_4M;POSIX_SIZE_READ_4M_10M;POSIX_SIZE_WRITE_0_100;POSIX_SIZE_WRITE_100K_1M;POSIX_SIZE_WRITE_100M_1G;POSIX_SIZE_WRITE_100_1K;POSIX_SIZE_WRITE_10K_100K;POSIX_SIZE_WRITE_10M_100M;POSIX_SIZE_WRITE_1G_PLUS;POSIX_SIZE_WRITE_1K_10K;POSIX_SIZE_WRITE_1M_4M;POSIX_SIZE_WRITE_4M_10M;POSIX_SLOWEST_RANK;POSIX_SLOWEST_RANK_BYTES;POSIX_STATS;POSIX_STRIDE1_COUNT;POSIX_STRIDE1_STRIDE;POSIX_STRIDE2_COUNT;POSIX_STRIDE2_STRIDE;POSIX_STRIDE3_COUNT;POSIX_STRIDE3_STRIDE;POSIX_STRIDE4_COUNT;POSIX_STRIDE4_STRIDE;POSIX_WRITES
4942237;hdf5;nfs;4;output_bw_512;0;202;308304;3656;9072;512;4758;142;2016;2041644248;0;467215;0;0;0;510413294;0;0;32768;500861;0;0;0;8.064991;0.168898;0;0.000653;0.015846;0.011546;227.363516;0.021873;34.86059;9.955236;3970112;0.541647;0;0;0;2038916647;0;34482;0;8;0;-1;0;4;500886;0;0;0;0;0;488785;0;12;0;0;347586;71388;0;0;81900;0;0;0;0;0;0;0;0;0;0;0;0;3;510408830;8;576;1536;352;272;152;88;144;7887876;0
5175899;hdf5;nfs;4;output_bw_512;0;202;308304;3656;9072;512;4758;142;2016;2041644248;0;467215;0;0;3;510408830;0;0;32768;500861;0;0;0;5.377684;0.173053;0;0.001429;0.01103;0.007554;205.880054;0.009189;25.369716;7.340848;3970112;0.521643;0;0;0;2038916647;0;29993;0;8;0;-1;0;4;500886;0;0;0;0;0;488785;0;12;0;0;347586;71388;0;0;81900;0;0;0;0;0;0;0;0;0;0;0;0;1;510412782;8;576;1536;352;272;152;88;144;7887876;0
5186375;hdf5;nfs;4;output_bw_512;0;202;2466432;3656;72576;512;8800;328;2516;16313298624;0;3734416;0;0;3;4078324656;0;0;32768;3956488;0;0;0;3.182102;0.081074;0;0.001657;0.013306;0.010009;32735.49506;0.012479;41.875229;19.952294;0;43.290731;0;0;0;2038916647;0;3656;0;8;0;-1;0;4;3956632;0;0;0;0;0;3880040;0;12;0;0;2730316;571104;0;0;655200;0;0;0;0;0;0;0;0;0;0;0;0;1;4078324656;8;1280;272;576;1536;152;88;144;7887876;0
5124492;hdf5;nfs;8;output_bw_512;0;202;4894622;3656;144027;512;17531;328;5008;32372755773;0;7410809;0;0;7;4015580960;0;0;32768;7851616;0;0;0;6.219543;0.843553;0;0.141407;0.095627;0.069708;15121.63865;0.089601;94.938188;20.355897;9.36E+14;22.702253;0;0;0;2038916647;0;5933;0;8;0;-1;0;8;7851904;0;0;0;0;0;7699862;0;24;0;0;5418400;1133322;0;0;1300158;0;0;0;0;0;0;0;0;0;0;0;0;5;4019526113;16;2543;272;1152;1536;304;88;288;7887876;0
5326016;hdf5;nfs;8;output_bw_512;0;202;308304;3656;9072;512;8944;142;4032;2044486360;0;467687;0;0;6;255469814;0;0;32768;508071;0;0;0;3.057057;0.046767;0;0.00245;0.102776;0.095048;116.9519;0.107206;49.578895;10.477368;7879032857;6.26731;0;0;0;2038916647;0;142;0;8;0;-1;0;8;508104;0;0;0;0;0;493106;0;24;0;0;354792;71388;0;0;81900;0;0;0;0;0;0;0;0;0;0;0;0;4;255470326;16;1152;1536;574;272;304;88;288;7887876;0
5346216;hdf5;nfs;8;output_bw_512;0;202;308304;3656;9072;512;8944;142;4032;2044486360;0;467687;0;0;6;255469814;0;0;32768;508071;0;0;0;3.328611;0.103632;0;0.002123;0.094715;0.090487;94.007523;0.095253;37.648438;6.727558;7879032857;1.187076;0;0;0;2038916647;0;10802;0;8;0;-1;0;8;508104;0;0;0;0;0;493106;0;24;0;0;354792;71388;0;0;81900;0;0;0;0;0;0;0;0;0;0;0;0;0;255474278;16;1152;1536;574;272;304;88;288;7887876;0
5185108;hdf5;nfs;16;output_bw_512;0;202;317407;512;17362;3656;9342;142;8064;2108779305;0;482536;0;0;6;135077846;0;0;32768;537208;0;0;0;0.610889;0.096546;0;0.006205;0.173713;0.161098;97.867985;0.161817;34.228835;5.528904;4.38E+12;2.514789;0;0;0;2038916647;0;8;0;8;0;-1;0;16;537258;0;0;0;0;0;516167;0;48;0;0;379369;73383;0;0;84458;0;0;0;0;0;0;0;0;0;0;0;0;10;135077334;32;2304;1536;1016;272;608;88;576;7887876;0
5189998;hdf5;nfs;16;output_bw_512;0;202;9411720;3656;276912;512;34377;328;9779;62232318995;0;14248655;0;0;9;3951170743;0;0;32768;15097311;0;0;0;5.487689;0.241212;0;0.00504;0.152264;0.144942;7730.566572;0.148197;152.945709;16.030586;4.67E+16;11.185159;0;0;0;2038916647;0;17882;0;8;0;-1;0;16;15097868;0;0;0;0;0;14805091;0;48;0;0;10419896;2178665;0;0;2499259;0;0;0;0;0;0;0;0;0;0;0;0;13;4027593328;32;4936;272;2304;1536;608;88;576;7887876;0
5352800;hdf5;nfs;16;output_bw_512;0;202;317407;512;17362;3656;9342;142;8064;2108779305;0;482536;0;0;4;132094978;0;0;32768;537208;0;0;0;1.219229;0.271086;0;0.006729;0.163316;0.156991;70.697263;0.16703;36.720557;4.120959;4.38E+12;0.661957;0;0;0;2038916647;0;8;0;8;0;-1;0;16;537258;0;0;0;0;0;516167;0;48;0;0;379369;73383;0;0;84458;0;0;0;0;0;0;0;0;0;0;0;0;9;130826701;32;2304;1536;1016;272;608;88;576;7887876;0
5182632;hdf5;nfs;32;output_bw_512;0;202;17479640;3656;514287;512;66683;328;19270;1.16E+11;0;26462796;0;0;16;3580912056;0;0;32768;28044287;0;0;0;3.109986;0.442338;0;0.017303;0.601047;0.59654;3803.180689;0.610871;199.315584;13.245478;1.30E+15;5.729032;0;0;0;2038916647;0;21095;0;8;0;-1;0;32;28045319;0;0;0;0;0;27499829;0;96;0;0;19357911;4045566;0;0;4641746;0;0;0;0;0;0;0;0;0;0;0;0;5;3559856875;64;9158;272;4608;1536;1216;88;1152;7887876;0
5006144;hdf5;nfs;48;output_bw_512;0;202;336839;512;51936;142;24192;3656;9918;2256932657;0;515976;0;0;17;45112800;0;0;32768;627611;0;0;0;0.493419;0.282395;0;0.016339;0.303253;0.299687;54.405505;0.303181;81.381077;4.144666;2.75E+12;0.923948;0;0;0;2038916647;0;25381;0;8;0;-1;0;48;627726;0;0;0;0;0;581984;0;144;0;0;460037;77639;0;0;89906;0;0;0;0;0;0;0;0;0;0;0;0;27;45980625;96;6912;1536;3024;272;1824;88;1728;7887876;0
5172871;hdf5;nfs;48;output_bw_512;0;202;22510559;3656;662329;512;93838;328;27449;1.49E+11;0;34081028;0;0;21;3075364624;0;0;32768;36132538;0;0;0;2.806635;0.089558;0;0.031624;0.347754;0.343805;3235.758538;0.348352;353.725172;21.55277;8.66E+15;18.576775;0;0;0;2038916647;0;32798;0;8;0;-1;0;48;36133878;0;0;0;0;0;35425942;0;144;0;0;24944073;5210987;0;0;5978674;0;0;0;0;0;0;0;0;0;0;0;0;45;3124330719;96;12217;272;6912;1536;1824;88;1728;7887876;0
5333197;hdf5;nfs;64;output_bw_512;0;202;346719;512;69248;142;32256;328;12156;2340587821;0;532645;0;0;16;36181935;0;0;32768;672842;0;0;0;0.357548;0.030424;0;0.018704;0.246297;0.232972;55.555835;0.239273;84.80617;3.562895;2.94E+12;0.509376;0;0;0;2038916647;0;142;0;8;0;-1;0;64;672990;0;0;0;0;0;614886;0;192;0;0;500241;80311;0;0;92246;0;0;0;0;0;0;0;0;0;0;0;0;62;36378472;128;9216;1536;4032;272;2432;88;2304;7887876;0
5364632;hdf5;nfs;64;output_bw_512;0;202;346719;512;69248;142;32256;328;12156;2340587821;0;532645;0;0;56;37476209;0;0;32768;672842;0;0;0;1.225757;0.088964;0;0.031339;0.279716;0.271343;57.885071;0.28805;198.057518;5.868398;2.94E+12;1.053791;0;0;0;2038916647;0;31985;0;8;0;-1;0;64;672990;0;0;0;0;0;614886;0;192;0;0;500241;80311;0;0;92246;0;0;0;0;0;0;0;0;0;0;0;0;28;36465209;128;9216;1536;4032;272;2432;88;2304;7887876;0
4948089;hdf5;nfs;4;output_bw_512;1;202;2462157;3656;72450;512;8793;328;2515;16285479683;0;3727933;0;0;0;4066665037;0;0;32768;3949635;0;0;0;4.181887;0.370653;0;0.001776;0.01371;0.010536;32028.29282;0.022682;35.147879;14.830909;5.09E+13;15.749287;0;0;0;2038916647;0;28506;0;8;0;-1;0;4;3949779;0;0;0;0;0;3873313;0;12;0;0;2725582;570110;0;0;654075;0;0;0;0;0;0;0;0;0;0;0;0;3;4078324656;8;1280;272;576;1536;152;88;144;7887876;0
5317261;hdf5;nfs;4;output_bw_512;1;202;2462856;3656;72468;512;8794;328;2514;16288350270;0;3728860;0;0;0;4053376302;0;0;32768;3950613;0;0;0;3.905388;0.064359;0;0.001475;0.01942;0.015851;31269.51294;0.040904;32.457359;15.62375;1.17E+14;20.214842;0;0;0;2038916647;0;31996;0;8;0;-1;0;4;3950757;0;0;0;0;0;3874273;0;12;0;0;2726332;570217;0;0;654196;0;0;0;0;0;0;0;0;0;0;0;0;3;4078324656;8;1279;272;576;1536;152;88;144;7887876;0
4998168;hdf5;nfs;8;output_bw_512;1;202;308304;3656;9072;512;8944;142;4032;2044486360;0;467687;0;0;3;255649800;0;0;32768;508071;0;0;0;3.858343;0.449431;0;0.003088;0.094793;0.089692;88.331634;0.113258;46.021841;7.403738;7879032857;1.316874;0;0;0;2038916647;0;21778;0;8;0;-1;0;8;508104;0;0;0;0;0;493106;0;24;0;0;354792;71388;0;0;81900;0;0;0;0;0;0;0;0;0;0;0;0;6;255469814;16;1152;1536;574;272;304;88;288;7887876;0
5136376;hdf5;nfs;8;output_bw_512;1;202;4916880;3656;144676;512;17574;328;5020;32519028528;0;7444258;0;0;3;4078324656;0;0;32768;7887001;0;0;0;4.135849;0.162276;0;0.002779;0.097243;0.087543;16701.56863;0.090209;55.116356;13.077634;2.05E+14;11.966426;0;0;0;2038916647;0;33456;0;8;0;-1;0;8;7887289;0;0;0;0;0;7734581;0;24;0;0;5442863;1138407;0;0;1305995;0;0;0;0;0;0;0;0;0;0;0;0;0;4078324656;16;2557;272;1152;1536;304;88;288;7887876;0
5192483;hdf5;nfs;16;output_bw_512;1;202;9724998;3656;286182;512;34969;328;10004;64339363963;0;14725566;0;0;11;3994197579;0;0;32768;15601756;0;0;0;3.073506;0.117626;0;0.005825;0.142955;0.135526;7478.413697;0.138326;99.146886;14.575937;3.90E+14;9.590217;0;0;0;2038916647;0;8;0;8;0;-1;0;16;15602324;0;0;0;0;0;15300127;0;48;0;0;10765939;2252434;0;0;2583903;0;0;0;0;0;0;0;0;0;0;0;0;0;4008997072;32;5058;272;2304;1536;608;88;576;7887876;0
5353626;hdf5;nfs;16;output_bw_512;1;202;9193178;3656;270510;512;33978;328;9626;60807237957;0;13919181;0;0;3;3984275810;0;0;32768;14748833;0;0;0;3.080785;0.09806;0;0.005024;0.195297;0.179375;8479.836313;0.201058;106.051035;15.481012;6.16E+16;11.831796;0;0;0;2038916647;0;3656;0;8;0;-1;0;16;14749382;0;0;0;0;0;14463111;0;48;0;0;10178615;2128634;0;0;2442085;0;0;0;0;0;0;0;0;0;0;0;0;5;3947594665;32;4839;272;2304;1536;608;88;576;7887876;0
5173308;hdf5;nfs;32;output_bw_512;1;202;327195;512;34624;142;16128;3656;9630;2187401237;0;499247;0;0;1;67709997;0;0;32768;582379;0;0;0;0.823382;0.232053;0;0.013278;0.214525;0.209816;58.054615;0.211537;69.931296;4.626167;4.20E+12;1.0383;0;0;0;2038916647;0;8;0;8;0;-1;0;32;582462;0;0;0;0;0;549063;0;96;0;0;419589;75767;0;0;87010;0;0;0;0;0;0;0;0;0;0;0;0;6;69743421;64;4608;1536;2016;272;1216;88;1152;7887876;0
5179061;hdf5;nfs;32;output_bw_512;1;202;327195;512;34624;142;16128;3656;9630;2187401237;0;499247;0;0;10;69849634;0;0;32768;582379;0;0;0;1.606359;0.099318;0;0.017945;0.607174;0.2391;64.654551;0.250425;103.124885;5.7054;4.20E+12;0.699706;0;0;0;2038916647;0;3656;0;8;0;-1;0;32;582462;0;0;0;0;0;549063;0;96;0;0;419589;75767;0;0;87010;0;0;0;0;0;0;0;0;0;0;0;0;30;69743421;64;4608;1536;2016;272;1216;88;1152;7887876;0
5181620;hdf5;nfs;32;output_bw_512;1;202;327195;512;34624;142;16128;3656;9630;2187401237;0;499247;0;0;18;69849634;0;0;32768;582379;0;0;0;0.248376;0.14512;0;0.026231;0.360952;0.35171;81.535094;0.357949;47.830287;3.572742;4.20E+12;1.161944;0;0;0;2038916647;0;13636;0;8;0;-1;0;32;582462;0;0;0;0;0;549063;0;96;0;0;419589;75767;0;0;87010;0;0;0;0;0;0;0;0;0;0;0;0;27;66004109;64;4608;1536;2016;272;1216;88;1152;7887876;0
5169046;hdf5;nfs;48;output_bw_512;1;202;336839;512;51936;142;24192;3656;9918;2256932657;0;515976;0;0;36;49468806;0;0;32768;627611;0;0;0;0.696126;0.293189;0;0.024548;0.349951;0.34186;91.653661;0.344412;103.875209;4.50329;2.75E+12;0.815234;0;0;0;2038916647;0;8;0;8;0;-1;0;48;627726;0;0;0;0;0;581984;0;144;0;0;460037;77639;0;0;89906;0;0;0;0;0;0;0;0;0;0;0;0;14;47829688;96;6912;1536;3024;272;1824;88;1728;7887876;0
5333326;hdf5;nfs;64;output_bw_512;1;202;25478730;3656;749736;512;117501;328;34092;1.69E+11;0;38579295;0;0;19;2738528801;0;0;32768;40921511;0;0;0;1.665809;0.044678;0;0.015838;0.27212;0.264028;2027.444601;0.267795;283.952944;9.027505;4.46E+15;2.827505;0;0;0;2038916647;0;328;0;8;0;-1;0;64;40923040;0;0;0;0;0;40114095;0;192;0;0;28254752;5899227;0;0;6768869;0;0;0;0;0;0;0;0;0;0;0;0;35;2651035837;128;14606;272;9216;1536;2432;88;2304;7887876;0
;;;;;;;;;;;;;;;;;;;;;;;;;;;;;;;;;;;;;;;;;;;;;;;;;;;;;;;;;;;;;;;;;;;;;;;;;;;;;;;;;;;;;;;;;;;
