archivo,configuracion,f,fa,nf,sf,rl,bs,ec,df,gd,go,k,run_time_s,io_time_s,total_bytes,total_bytes_fmt,perf_mib_s,ts
10_DLIOv1_N4p16bs64__r_h5shared_nf1rl768KBsf768K_lustre_ss1MBsc4_7296826_FT3RESDT_perf.txt,HDF5_64bs,hdf5,shared,1,786432,786432,64,0,/mnt/lustre/scratch/nlsas//home/res/resd01/resd01epp/dlio_benchmark/dataset_ost_ScalingFormat23/HDF5_S_ss_1mSS4SC_16p,0,0,1,13.5504,5.643964,51540402592,48.00 GiB,8708.90703,
11_DLIOv1_N4p16bs64__r_h5shared_nf1rl768KBsf768K_lustre_ss1MBsc4_7296834_FT3RESDT_perf.txt,HDF5_64bs,hdf5,shared,1,786432,786432,64,0,/mnt/lustre/scratch/nlsas//home/res/resd01/resd01epp/dlio_benchmark/dataset_ost_ScalingFormat23/HDF5_S_ss_1mSS4SC_16p,0,0,1,17.8833,8.132343,51540402592,48.00 GiB,6044.107993,
12_DLIOv1_N4p16bs64__r_h5shared_nf1rl768KBsf768K_lustre_ss1MBsc4_7296836_FT3RESDT_perf.txt,HDF5_64bs,hdf5,shared,1,786432,786432,64,0,/mnt/lustre/scratch/nlsas//home/res/resd01/resd01epp/dlio_benchmark/dataset_ost_ScalingFormat23/HDF5_S_ss_1mSS4SC_16p,0,0,1,15.5219,6.315454,51540402592,48.00 GiB,7782.934033,
13_DLIOv1_N4p16bs64__r_h5shared_nf1rl768KBsf768K_lustre_ss1MBsc4_7296840_FT3RESDT_perf.txt,HDF5_64bs,hdf5,shared,1,786432,786432,64,0,/mnt/lustre/scratch/nlsas//home/res/resd01/resd01epp/dlio_benchmark/dataset_ost_ScalingFormat23/HDF5_S_ss_1mSS4SC_16p,0,0,1,17.5644,7.51357,51540402592,48.00 GiB,6541.864827,
14_DLIOv1_N8p32bs64__r_h5shared_nf1rl768KBsf768K_lustre_ss1MBsc8_7296849_FT3RESDT_perf.txt,HDF5_64bs,hdf5,shared,1,786432,786432,64,0,/mnt/lustre/scratch/nlsas//home/res/resd01/resd01epp/dlio_benchmark/dataset_ost_ScalingFormat23/HDF5_S_ss_1mSS8SC_32p,0,0,1,8.8204,4.375055,51541197632,48.00 GiB,11234.94926,
15_DLIOv1_N8p32bs64__r_h5shared_nf1rl768KBsf768K_lustre_ss1MBsc8_7296864_FT3RESDT_perf.txt,HDF5_64bs,hdf5,shared,1,786432,786432,64,0,/mnt/lustre/scratch/nlsas//home/res/resd01/resd01epp/dlio_benchmark/dataset_ost_ScalingFormat23/HDF5_S_ss_1mSS8SC_32p,0,0,1,9.0609,3.705566,51541197632,48.00 GiB,13264.779889,
16_DLIOv1_N8p32bs64__r_h5shared_nf1rl768KBsf768K_lustre_ss1MBsc8_7296881_FT3RESDT_perf.txt,HDF5_64bs,hdf5,shared,1,786432,786432,64,0,/mnt/lustre/scratch/nlsas//home/res/resd01/resd01epp/dlio_benchmark/dataset_ost_ScalingFormat23/HDF5_S_ss_1mSS8SC_32p,0,0,1,8.7238,4.100539,51541197632,48.00 GiB,11987.085374,
17_DLIOv1_N8p32bs64__r_h5shared_nf1rl768KBsf768K_lustre_ss1MBsc8_7296883_FT3RESDT_perf.txt,HDF5_64bs,hdf5,shared,1,786432,786432,64,0,/mnt/lustre/scratch/nlsas//home/res/resd01/resd01epp/dlio_benchmark/dataset_ost_ScalingFormat23/HDF5_S_ss_1mSS8SC_32p,0,0,1,8.6786,3.285984,51541197632,48.00 GiB,14958.537787,
18_DLIOv1_N8p32bs64__r_h5shared_nf1rl768KBsf768K_lustre_ss1MBsc8_7296886_FT3RESDT_perf.txt,HDF5_64bs,hdf5,shared,1,786432,786432,64,0,/mnt/lustre/scratch/nlsas//home/res/resd01/resd01epp/dlio_benchmark/dataset_ost_ScalingFormat23/HDF5_S_ss_1mSS8SC_32p,0,0,1,7.8493,3.519935,51541197632,48.00 GiB,13964.324508,
19_DLIOv1_N12p48bs64__r_h5shared_nf1rl768KBsf768K_lustre_ss1MBsc12_7296893_FT3RESDT_perf.txt,HDF5_64bs,hdf5,shared,1,786432,786432,64,0,/mnt/lustre/scratch/nlsas//home/res/resd01/resd01epp/dlio_benchmark/dataset_ost_ScalingFormat23/HDF5_S_ss_1mSS12SC_48p,0,0,1,6.8019,2.908767,51541992672,48.00 GiB,16898.666322,
1_DLIOv1_N1p4bs64__r_h5shared_nf1rl768KBsf768K_lustre_ss1MBsc1_7296725_FT3RESDT_perf.txt,HDF5_64bs,hdf5,shared,1,786432,786432,64,0,/mnt/lustre/scratch/nlsas//home/res/resd01/resd01epp/dlio_benchmark/dataset_ost_ScalingFormat23/HDF5_S_ss_1mSS1SC_4p,0,0,1,60.5989,27.656464,51539806312,48.00 GiB,1777.240568,
20_DLIOv1_N12p48bs64__r_h5shared_nf1rl768KBsf768K_lustre_ss1MBsc12_7296896_FT3RESDT_perf.txt,HDF5_64bs,hdf5,shared,1,786432,786432,64,0,/mnt/lustre/scratch/nlsas//home/res/resd01/resd01epp/dlio_benchmark/dataset_ost_ScalingFormat23/HDF5_S_ss_1mSS12SC_48p,0,0,1,5.5249,2.295105,51541992672,48.00 GiB,21417.004907,
21_DLIOv1_N12p48bs64__r_h5shared_nf1rl768KBsf768K_lustre_ss1MBsc12_7296899_FT3RESDT_perf.txt,HDF5_64bs,hdf5,shared,1,786432,786432,64,0,/mnt/lustre/scratch/nlsas//home/res/resd01/resd01epp/dlio_benchmark/dataset_ost_ScalingFormat23/HDF5_S_ss_1mSS12SC_48p,0,0,1,6.2803,2.463369,51541992672,48.00 GiB,19954.087888,
22_DLIOv1_N12p48bs64__r_h5shared_nf1rl768KBsf768K_lustre_ss1MBsc12_7296909_FT3RESDT_perf.txt,HDF5_64bs,hdf5,shared,1,786432,786432,64,0,/mnt/lustre/scratch/nlsas//home/res/resd01/resd01epp/dlio_benchmark/dataset_ost_ScalingFormat23/HDF5_S_ss_1mSS12SC_48p,0,0,1,6.2912,2.765242,51541992672,48.00 GiB,17775.756558,
23_DLIOv1_N12p48bs64__r_h5shared_nf1rl768KBsf768K_lustre_ss1MBsc12_7296914_FT3RESDT_perf.txt,HDF5_64bs,hdf5,shared,1,786432,786432,64,0,/mnt/lustre/scratch/nlsas//home/res/resd01/resd01epp/dlio_benchmark/dataset_ost_ScalingFormat23/HDF5_S_ss_1mSS12SC_48p,0,0,1,6.187,2.82591,51541992672,48.00 GiB,17394.138133,
2_DLIOv1_N1p4bs64__r_h5shared_nf1rl768KBsf768K_lustre_ss1MBsc1_7296760_FT3RESDT_perf.txt,HDF5_64bs,hdf5,shared,1,786432,786432,64,0,/mnt/lustre/scratch/nlsas//home/res/resd01/resd01epp/dlio_benchmark/dataset_ost_ScalingFormat23/HDF5_S_ss_1mSS1SC_4p,0,0,1,56.362,29.390051,51539806312,48.00 GiB,1672.409134,
3_DLIOv1_N1p4bs64__r_h5shared_nf1rl768KBsf768K_lustre_ss1MBsc1_7296761_FT3RESDT_perf.txt,HDF5_64bs,hdf5,shared,1,786432,786432,64,0,/mnt/lustre/scratch/nlsas//home/res/resd01/resd01epp/dlio_benchmark/dataset_ost_ScalingFormat23/HDF5_S_ss_1mSS1SC_4p,0,0,1,58.3859,31.319149,51539806312,48.00 GiB,1569.397329,
4_DLIOv1_N2p8bs64__r_h5shared_nf1rl768KBsf768K_lustre_ss1MBsc2_7296781_FT3RESDT_perf.txt,HDF5_64bs,hdf5,shared,1,786432,786432,64,0,/mnt/lustre/scratch/nlsas//home/res/resd01/resd01epp/dlio_benchmark/dataset_ost_ScalingFormat23/HDF5_S_ss_1mSS2SC_8p,0,0,1,30.8358,11.898323,51540005072,48.00 GiB,4131.034086,
5_DLIOv1_N2p8bs64__r_h5shared_nf1rl768KBsf768K_lustre_ss1MBsc2_7296783_FT3RESDT_perf.txt,HDF5_64bs,hdf5,shared,1,786432,786432,64,0,/mnt/lustre/scratch/nlsas//home/res/resd01/resd01epp/dlio_benchmark/dataset_ost_ScalingFormat23/HDF5_S_ss_1mSS2SC_8p,0,0,1,31.9837,11.781736,51540005072,48.00 GiB,4171.91325,
6_DLIOv1_N2p8bs64__r_h5shared_nf1rl768KBsf768K_lustre_ss1MBsc2_7296805_FT3RESDT_perf.txt,HDF5_64bs,hdf5,shared,1,786432,786432,64,0,/mnt/lustre/scratch/nlsas//home/res/resd01/resd01epp/dlio_benchmark/dataset_ost_ScalingFormat23/HDF5_S_ss_1mSS2SC_8p,0,0,1,32.0576,15.677259,51540005072,48.00 GiB,3135.266181,
7_DLIOv1_N2p8bs64__r_h5shared_nf1rl768KBsf768K_lustre_ss1MBsc2_7296771_FT3RESDT_perf.txt,HDF5_64bs,hdf5,shared,1,786432,786432,64,0,/mnt/lustre/scratch/nlsas//home/res/resd01/resd01epp/dlio_benchmark/dataset_ost_ScalingFormat23/HDF5_S_ss_1mSS2SC_8p,0,0,1,29.1879,12.853041,51540005072,48.00 GiB,3824.182881,
8_DLIOv1_N2p8bs64__r_h5shared_nf1rl768KBsf768K_lustre_ss1MBsc2_7296779_FT3RESDT_perf.txt,HDF5_64bs,hdf5,shared,1,786432,786432,64,0,/mnt/lustre/scratch/nlsas//home/res/resd01/resd01epp/dlio_benchmark/dataset_ost_ScalingFormat23/HDF5_S_ss_1mSS2SC_8p,0,0,1,28.2143,12.986054,51540005072,48.00 GiB,3785.012561,
9_DLIOv1_N4p16bs64__r_h5shared_nf1rl768KBsf768K_lustre_ss1MBsc4_7296824_FT3RESDT_perf.txt,HDF5_64bs,hdf5,shared,1,786432,786432,64,0,/mnt/lustre/scratch/nlsas//home/res/resd01/resd01epp/dlio_benchmark/dataset_ost_ScalingFormat23/HDF5_S_ss_1mSS4SC_16p,0,0,1,16.7997,6.726948,51540402592,48.00 GiB,7306.844023,
10_DLIOv1_N4p16bs64__r_npzmulti_nf16rl128KBsf48K_lustre_ss1MBsc4_3538334_FT3RESDT_perf.txt,NPZ_64bs,npz,multi,16,49152,131072,64,,/mnt/lustre/scratch/nlsas//home/res/resd01/resd01epp/dlio_benchmark/dataset_ost/NPZ_ss_1mSS4SC_16p,0,,1,86.9516,0.446624,103153345952,96.07 GiB,1499.630828,
11_DLIOv1_N4p16bs64__r_npzmulti_nf16rl128KBsf48K_lustre_ss1MBsc4_3538336_FT3RESDT_perf.txt,NPZ_64bs,npz,multi,16,49152,131072,64,,/mnt/lustre/scratch/nlsas//home/res/resd01/resd01epp/dlio_benchmark/dataset_ost/NPZ_ss_1mSS4SC_16p,0,,1,86.9807,0.495895,103153345952,96.07 GiB,1531.512074,
12_DLIOv1_N4p16bs64__r_npzmulti_nf16rl128KBsf48K_lustre_ss1MBsc4_3538340_FT3RESDT_perf.txt,NPZ_64bs,npz,multi,16,49152,131072,64,,/mnt/lustre/scratch/nlsas//home/res/resd01/resd01epp/dlio_benchmark/dataset_ost/NPZ_ss_1mSS4SC_16p,0,,1,86.9387,0.439723,103153345952,96.07 GiB,1424.424264,
13_DLIOv1_N4p16bs64__r_npzmulti_nf16rl128KBsf48K_lustre_ss1MBsc4_3538343_FT3RESDT_perf.txt,NPZ_64bs,npz,multi,16,49152,131072,64,,/mnt/lustre/scratch/nlsas//home/res/resd01/resd01epp/dlio_benchmark/dataset_ost/NPZ_ss_1mSS4SC_16p,0,,1,86.6336,0.108472,103153345952,96.07 GiB,1622.000895,
14_DLIOv1_N8p32bs64__r_npzmulti_nf32rl128KBsf24K_lustre_ss1MBsc8_3538657_FT3RESDT_perf.txt,NPZ_64bs,npz,multi,32,24576,131072,64,,/mnt/lustre/scratch/nlsas//home/res/resd01/resd01epp/dlio_benchmark/dataset_ost/NPZ_ss_1mSS8SC_32p,0,,1,65.1497,0.06606,103221185344,96.13 GiB,2311.986492,
15_DLIOv1_N8p32bs64__r_npzmulti_nf32rl128KBsf24K_lustre_ss1MBsc8_3538659_FT3RESDT_perf.txt,NPZ_64bs,npz,multi,32,24576,131072,64,,/mnt/lustre/scratch/nlsas//home/res/resd01/resd01epp/dlio_benchmark/dataset_ost/NPZ_ss_1mSS8SC_32p,0,,1,54.0111,0.47601,103221185344,96.13 GiB,2319.165391,
16_DLIOv1_N8p32bs64__r_npzmulti_nf32rl128KBsf24K_lustre_ss1MBsc8_3538660_FT3RESDT_perf.txt,NPZ_64bs,npz,multi,32,24576,131072,64,,/mnt/lustre/scratch/nlsas//home/res/resd01/resd01epp/dlio_benchmark/dataset_ost/NPZ_ss_1mSS8SC_32p,0,,1,51.5213,0.47586,103221185344,96.13 GiB,2195.31454,
17_DLIOv1_N8p32bs64__r_npzmulti_nf32rl128KBsf24K_lustre_ss1MBsc8_3538661_FT3RESDT_perf.txt,NPZ_64bs,npz,multi,32,24576,131072,64,,/mnt/lustre/scratch/nlsas//home/res/resd01/resd01epp/dlio_benchmark/dataset_ost/NPZ_ss_1mSS8SC_32p,0,,1,57.6788,0.515397,103221185344,96.13 GiB,2275.535789,
18_DLIOv1_N12p48bs64__r_npzmulti_nf48rl128KBsf16K_lustre_ss1MBsc12_3538731_FT3RESDT_perf.txt,NPZ_64bs,npz,multi,48,16384,131072,64,,/mnt/lustre/scratch/nlsas//home/res/resd01/resd01epp/dlio_benchmark/dataset_ost/NPZ_ss_1mSS12SC_48p,0,,1,59.7559,0.516505,103289024736,96.20 GiB,1825.019295,
19_DLIOv1_N12p48bs64__r_npzmulti_nf48rl128KBsf16K_lustre_ss1MBsc12_3538779_FT3RESDT_perf.txt,NPZ_64bs,npz,multi,48,16384,131072,64,,/mnt/lustre/scratch/nlsas//home/res/resd01/resd01epp/dlio_benchmark/dataset_ost/NPZ_ss_1mSS12SC_48p,0,,1,65.6645,0.639174,103289024736,96.20 GiB,1620.09859,
1_DLIOv1_N1p4bs64__r_npzmulti_nf4rl128KBsf192K_lustre_ss1MBsc1_3538214_FT3RESDT_perf.txt,NPZ_64bs,npz,multi,4,196608,131072,64,,/mnt/lustre/scratch/nlsas//home/res/resd01/resd01epp/dlio_benchmark/dataset_ost/NPZ_ss_1mSS1SC_4p,0,,1,223.4304,1.045944,103102466408,96.02 GiB,662.143896,
2_DLIOv1_N1p4bs64__r_npzmulti_nf4rl128KBsf192K_lustre_ss1MBsc1_3538215_FT3RESDT_perf.txt,NPZ_64bs,npz,multi,4,196608,131072,64,,/mnt/lustre/scratch/nlsas//home/res/resd01/resd01epp/dlio_benchmark/dataset_ost/NPZ_ss_1mSS1SC_4p,0,,1,222.323,1.075678,103102466408,96.02 GiB,613.272827,
3_DLIOv1_N1p4bs64__r_npzmulti_nf4rl128KBsf192K_lustre_ss1MBsc1_3538216_FT3RESDT_perf.txt,NPZ_64bs,npz,multi,4,196608,131072,64,,/mnt/lustre/scratch/nlsas//home/res/resd01/resd01epp/dlio_benchmark/dataset_ost/NPZ_ss_1mSS1SC_4p,0,,1,222.43,1.07803,103102466408,96.02 GiB,650.214909,
4_DLIOv1_N1p4bs64__r_npzmulti_nf4rl128KBsf192K_lustre_ss1MBsc1_3538217_FT3RESDT_perf.txt,NPZ_64bs,npz,multi,4,196608,131072,64,,/mnt/lustre/scratch/nlsas//home/res/resd01/resd01epp/dlio_benchmark/dataset_ost/NPZ_ss_1mSS1SC_4p,0,,1,222.3801,1.072995,103102466408,96.02 GiB,607.926169,
5_DLIOv1_N2p8bs64__r_npzmulti_nf8rl128KBsf96K_lustre_ss1MBsc2_3538275_FT3RESDT_perf.txt,NPZ_64bs,npz,multi,8,98304,131072,64,,/mnt/lustre/scratch/nlsas//home/res/resd01/resd01epp/dlio_benchmark/dataset_ost/NPZ_ss_1mSS2SC_8p,0,,1,139.3629,0.557451,103119426256,96.04 GiB,1025.657145,
6_DLIOv1_N2p8bs64__r_npzmulti_nf8rl128KBsf96K_lustre_ss1MBsc2_3538276_FT3RESDT_perf.txt,NPZ_64bs,npz,multi,8,98304,131072,64,,/mnt/lustre/scratch/nlsas//home/res/resd01/resd01epp/dlio_benchmark/dataset_ost/NPZ_ss_1mSS2SC_8p,0,,1,139.7084,0.568413,103119426256,96.04 GiB,967.604461,
7_DLIOv1_N2p8bs64__r_npzmulti_nf8rl128KBsf96K_lustre_ss1MBsc2_3538277_FT3RESDT_perf.txt,NPZ_64bs,npz,multi,8,98304,131072,64,,/mnt/lustre/scratch/nlsas//home/res/resd01/resd01epp/dlio_benchmark/dataset_ost/NPZ_ss_1mSS2SC_8p,0,,1,139.3772,0.571939,103119426256,96.04 GiB,947.805379,
8_DLIOv1_N2p8bs64__r_npzmulti_nf8rl128KBsf96K_lustre_ss1MBsc2_3538273_FT3RESDT_perf.txt,NPZ_64bs,npz,multi,8,98304,131072,64,,/mnt/lustre/scratch/nlsas//home/res/resd01/resd01epp/dlio_benchmark/dataset_ost/NPZ_ss_1mSS2SC_8p,0,,1,139.3673,0.563763,103119426256,96.04 GiB,993.494664,
9_DLIOv1_N4p16bs64__r_npzmulti_nf16rl128KBsf48K_lustre_ss1MBsc4_3538331_FT3RESDT_perf.txt,NPZ_64bs,npz,multi,16,49152,131072,64,,/mnt/lustre/scratch/nlsas//home/res/resd01/resd01epp/dlio_benchmark/dataset_ost/NPZ_ss_1mSS4SC_16p,0,,1,86.9568,0.473414,103153345952,96.07 GiB,1508.815485,
10_DLIOv1_N4p16bs64__r_tfrecordsmultits1MB_nf16rl128KBsf48K_lustre_ss1MBsc4_3529385_FT3RESDT_perf.txt,TFRecord_1mts_64bs,tfrecord,multi,16,49152,131072,64,,/mnt/lustre/scratch/nlsas//home/res/resd01/resd01epp/dlio_benchmark/dataset_ost/TFr_ss_1mSS4SC_16p,0,,1,12.2333,0.028223,103126476304,96.04 GiB,14095.300541,1048576
11_DLIOv1_N8p32bs64__r_tfrecordsmultits1MB_nf32rl128KBsf24K_lustre_ss1MBsc8_3529440_FT3RESDT_perf.txt,TFRecord_1mts_64bs,tfrecord,multi,32,24576,131072,64,,/mnt/lustre/scratch/nlsas//home/res/resd01/resd01epp/dlio_benchmark/dataset_ost/TFr_ss_1mSS8SC_32p,0,,1,10.8238,0.027517,103127338016,96.04 GiB,20332.385417,1048576
12_DLIOv1_N8p32bs64__r_tfrecordsmultits1MB_nf32rl128KBsf24K_lustre_ss1MBsc8_3529445_FT3RESDT_perf.txt,TFRecord_1mts_64bs,tfrecord,multi,32,24576,131072,64,,/mnt/lustre/scratch/nlsas//home/res/resd01/resd01epp/dlio_benchmark/dataset_ost/TFr_ss_1mSS8SC_32p,0,,1,12.7273,0.037184,103127338016,96.04 GiB,24940.592979,1048576
13_DLIOv1_N12p48bs64__r_tfrecordsmultits1MB_nf48rl128KBsf16K_lustre_ss1MBsc12_3529617_FT3RESDT_perf.txt,TFRecord_1mts_64bs,tfrecord,multi,48,16384,131072,64,,/mnt/lustre/scratch/nlsas//home/res/resd01/resd01epp/dlio_benchmark/dataset_ost/TFr_ss_1mSS12SC_48p,0,,1,6.9922,0.022977,103128199728,96.05 GiB,22777.182891,1048576
1_DLIOv1_N1p4bs64__r_tfrecordsmultits1MB_nf4rl128KBsf192K_lustre_ss1MBsc1_3528998_FT3RESDT_perf.txt,TFRecord_1mts_64bs,tfrecord,multi,4,196608,131072,64,,/mnt/lustre/scratch/nlsas//home/res/resd01/resd01epp/dlio_benchmark/dataset_ost/TFr_ss_1mSS1SC_4p,0,,1,154.5631,0.27781,103125830020,96.04 GiB,733.429225,1048576
2_DLIOv1_N1p4bs64__r_tfrecordsmultits1MB_nf4rl128KBsf192K_lustre_ss1MBsc1_3529002_FT3RESDT_perf.txt,TFRecord_1mts_64bs,tfrecord,multi,4,196608,131072,64,,/mnt/lustre/scratch/nlsas//home/res/resd01/resd01epp/dlio_benchmark/dataset_ost/TFr_ss_1mSS1SC_4p,0,,1,154.5656,0.277957,103125830020,96.04 GiB,734.642998,1048576
3_DLIOv1_N1p4bs64__r_tfrecordsmultits1MB_nf4rl128KBsf192K_lustre_ss1MBsc1_3529017_FT3RESDT_perf.txt,TFRecord_1mts_64bs,tfrecord,multi,4,196608,131072,64,,/mnt/lustre/scratch/nlsas//home/res/resd01/resd01epp/dlio_benchmark/dataset_ost/TFr_ss_1mSS1SC_4p,0,,1,147.349,0.004416,103125830020,96.04 GiB,760.994553,1048576
4_DLIOv1_N2p8bs64__r_tfrecordsmultits1MB_nf8rl128KBsf96K_lustre_ss1MBsc2_3529174_FT3RESDT_perf.txt,TFRecord_1mts_64bs,tfrecord,multi,8,98304,131072,64,,/mnt/lustre/scratch/nlsas//home/res/resd01/resd01epp/dlio_benchmark/dataset_ost/TFr_ss_1mSS2SC_8p,0,,1,29.3492,0.031429,103126045448,96.04 GiB,7193.656982,1048576
5_DLIOv1_N2p8bs64__r_tfrecordsmultits1MB_nf8rl128KBsf96K_lustre_ss1MBsc2_3529176_FT3RESDT_perf.txt,TFRecord_1mts_64bs,tfrecord,multi,8,98304,131072,64,,/mnt/lustre/scratch/nlsas//home/res/resd01/resd01epp/dlio_benchmark/dataset_ost/TFr_ss_1mSS2SC_8p,0,,1,33.1105,0.027269,103126045448,96.04 GiB,6233.054206,1048576
6_DLIOv1_N2p8bs64__r_tfrecordsmultits1MB_nf8rl128KBsf96K_lustre_ss1MBsc2_3529178_FT3RESDT_perf.txt,TFRecord_1mts_64bs,tfrecord,multi,8,98304,131072,64,,/mnt/lustre/scratch/nlsas//home/res/resd01/resd01epp/dlio_benchmark/dataset_ost/TFr_ss_1mSS2SC_8p,0,,1,34.2994,0.008828,103126045448,96.04 GiB,4963.721661,1048576
7_DLIOv1_N4p16bs64__r_tfrecordsmultits1MB_nf16rl128KBsf48K_lustre_ss1MBsc4_3529364_FT3RESDT_perf.txt,TFRecord_1mts_64bs,tfrecord,multi,16,49152,131072,64,,/mnt/lustre/scratch/nlsas//home/res/resd01/resd01epp/dlio_benchmark/dataset_ost/TFr_ss_1mSS4SC_16p,0,,1,18.0927,0.038966,103126476304,96.04 GiB,14458.964686,1048576
8_DLIOv1_N4p16bs64__r_tfrecordsmultits1MB_nf16rl128KBsf48K_lustre_ss1MBsc4_3529367_FT3RESDT_perf.txt,TFRecord_1mts_64bs,tfrecord,multi,16,49152,131072,64,,/mnt/lustre/scratch/nlsas//home/res/resd01/resd01epp/dlio_benchmark/dataset_ost/TFr_ss_1mSS4SC_16p,0,,1,17.6934,0.02664,103126476304,96.04 GiB,15337.932585,1048576
9_DLIOv1_N4p16bs64__r_tfrecordsmultits1MB_nf16rl128KBsf48K_lustre_ss1MBsc4_3529368_FT3RESDT_perf.txt,TFRecord_1mts_64bs,tfrecord,multi,16,49152,131072,64,,/mnt/lustre/scratch/nlsas//home/res/resd01/resd01epp/dlio_benchmark/dataset_ost/TFr_ss_1mSS4SC_16p,0,,1,15.0961,0.024926,103126476304,96.04 GiB,15292.183104,1048576
10_DLIOv1_N8p32bs64__r_tfrecordsmultits256KB_nf32rl128KBsf24K_lustre_ss1MBsc8_3529414_FT3RESDT_perf.txt,TFRecord_256kts_64bs,tfrecord,multi,32,24576,131072,64,,/mnt/lustre/scratch/nlsas//home/res/resd01/resd01epp/dlio_benchmark/dataset_ost/TFr_ss_1mSS8SC_32p,0,,1,12.6557,0.041969,103127338016,96.04 GiB,12672.893194,262144
11_DLIOv1_N8p32bs64__r_tfrecordsmultits256KB_nf32rl128KBsf24K_lustre_ss1MBsc8_3529419_FT3RESDT_perf.txt,TFRecord_256kts_64bs,tfrecord,multi,32,24576,131072,64,,/mnt/lustre/scratch/nlsas//home/res/resd01/resd01epp/dlio_benchmark/dataset_ost/TFr_ss_1mSS8SC_32p,0,,1,11.3601,0.026992,103127338016,96.04 GiB,31911.311314,262144
12_DLIOv1_N12p48bs64__r_tfrecordsmultits256KB_nf48rl128KBsf16K_lustre_ss1MBsc12_3529577_FT3RESDT_perf.txt,TFRecord_256kts_64bs,tfrecord,multi,48,16384,131072,64,,/mnt/lustre/scratch/nlsas//home/res/resd01/resd01epp/dlio_benchmark/dataset_ost/TFr_ss_1mSS12SC_48p,0,,1,8.9014,0.024906,103128199728,96.05 GiB,18171.170059,262144
13_DLIOv1_N12p48bs64__r_tfrecordsmultits256KB_nf48rl128KBsf16K_lustre_ss1MBsc12_3529592_FT3RESDT_perf.txt,TFRecord_256kts_64bs,tfrecord,multi,48,16384,131072,64,,/mnt/lustre/scratch/nlsas//home/res/resd01/resd01epp/dlio_benchmark/dataset_ost/TFr_ss_1mSS12SC_48p,0,,1,6.9808,0.030926,103128199728,96.05 GiB,24031.70239,262144
14_DLIOv1_N12p48bs64__r_tfrecordsmultits256KB_nf48rl128KBsf16K_lustre_ss1MBsc12_3529616_FT3RESDT_perf.txt,TFRecord_256kts_64bs,tfrecord,multi,48,16384,131072,64,,/mnt/lustre/scratch/nlsas//home/res/resd01/resd01epp/dlio_benchmark/dataset_ost/TFr_ss_1mSS12SC_48p,0,,1,7.22,0.026289,103128199728,96.05 GiB,21546.410725,262144
1_DLIOv1_N1p4bs64__r_tfrecordsmultits256KB_nf4rl128KBsf192K_lustre_ss1MBsc1_3528468_FT3RESDT_perf.txt,TFRecord_256kts_64bs,tfrecord,multi,4,196608,131072,64,,/mnt/lustre/scratch/nlsas//home/res/resd01/resd01epp/dlio_benchmark/dataset_ost/TFr_ss_1mSS1SC_4p,0,,1,343.1075,0.410146,103125830020,96.04 GiB,332.44943,262144
2_DLIOv1_N1p4bs64__r_tfrecordsmultits256KB_nf4rl128KBsf192K_lustre_ss1MBsc1_3528469_FT3RESDT_perf.txt,TFRecord_256kts_64bs,tfrecord,multi,4,196608,131072,64,,/mnt/lustre/scratch/nlsas//home/res/resd01/resd01epp/dlio_benchmark/dataset_ost/TFr_ss_1mSS1SC_4p,0,,1,339.0712,0.358228,103125830020,96.04 GiB,315.183356,262144
3_DLIOv1_N1p4bs64__r_tfrecordsmultits256KB_nf4rl128KBsf192K_lustre_ss1MBsc1_3528470_FT3RESDT_perf.txt,TFRecord_256kts_64bs,tfrecord,multi,4,196608,131072,64,,/mnt/lustre/scratch/nlsas//home/res/resd01/resd01epp/dlio_benchmark/dataset_ost/TFr_ss_1mSS1SC_4p,0,,1,343.0903,0.38729,103125830020,96.04 GiB,330.86218,262144
4_DLIOv1_N2p8bs64__r_tfrecordsmultits256KB_nf8rl128KBsf96K_lustre_ss1MBsc2_3529069_FT3RESDT_perf.txt,TFRecord_256kts_64bs,tfrecord,multi,8,98304,131072,64,,/mnt/lustre/scratch/nlsas//home/res/resd01/resd01epp/dlio_benchmark/dataset_ost/TFr_ss_1mSS2SC_8p,0,,1,185.9686,0.027223,103126045448,96.04 GiB,563.081213,262144
5_DLIOv1_N2p8bs64__r_tfrecordsmultits256KB_nf8rl128KBsf96K_lustre_ss1MBsc2_3529071_FT3RESDT_perf.txt,TFRecord_256kts_64bs,tfrecord,multi,8,98304,131072,64,,/mnt/lustre/scratch/nlsas//home/res/resd01/resd01epp/dlio_benchmark/dataset_ost/TFr_ss_1mSS2SC_8p,0,,1,184.1387,0.017614,103126045448,96.04 GiB,569.437244,262144
6_DLIOv1_N4p16bs64__r_tfrecordsmultits256KB_nf16rl128KBsf48K_lustre_ss1MBsc4_3529311_FT3RESDT_perf.txt,TFRecord_256kts_64bs,tfrecord,multi,16,49152,131072,64,,/mnt/lustre/scratch/nlsas//home/res/resd01/resd01epp/dlio_benchmark/dataset_ost/TFr_ss_1mSS4SC_16p,0,,1,24.0543,0.034711,103126476304,96.04 GiB,5855.619624,262144
7_DLIOv1_N4p16bs64__r_tfrecordsmultits256KB_nf16rl128KBsf48K_lustre_ss1MBsc4_3529314_FT3RESDT_perf.txt,TFRecord_256kts_64bs,tfrecord,multi,16,49152,131072,64,,/mnt/lustre/scratch/nlsas//home/res/resd01/resd01epp/dlio_benchmark/dataset_ost/TFr_ss_1mSS4SC_16p,0,,1,24.6774,0.421166,103126476304,96.04 GiB,5629.217566,262144
8_DLIOv1_N4p16bs64__r_tfrecordsmultits256KB_nf16rl128KBsf48K_lustre_ss1MBsc4_3529345_FT3RESDT_perf.txt,TFRecord_256kts_64bs,tfrecord,multi,16,49152,131072,64,,/mnt/lustre/scratch/nlsas//home/res/resd01/resd01epp/dlio_benchmark/dataset_ost/TFr_ss_1mSS4SC_16p,0,,1,44.5049,0.015488,103126476304,96.04 GiB,5395.84144,262144
9_DLIOv1_N8p32bs64__r_tfrecordsmultits256KB_nf32rl128KBsf24K_lustre_ss1MBsc8_3529411_FT3RESDT_perf.txt,TFRecord_256kts_64bs,tfrecord,multi,32,24576,131072,64,,/mnt/lustre/scratch/nlsas//home/res/resd01/resd01epp/dlio_benchmark/dataset_ost/TFr_ss_1mSS8SC_32p,0,,1,11.7636,0.03905,103127338016,96.04 GiB,18888.37981,262144
