Access_Mode,Access_Mode_Label,Process_IO,n_runs,POSIX_READS_mean,POSIX_READS_std,POSIX_BYTES_READ_mean,POSIX_BYTES_READ_std,Sequential_Reads_pct_mean,Consecutive_Reads_pct_mean,Avg_Read_Size_bytes_mean,POSIX_F_META_TIME_mean,POSIX_F_READ_TIME_mean,MII_pct_mean,rho_phys,rho_rel,Delta_POSIX_READS_mean,Delta_POSIX_BYTES_READ_mean,Delta_Avg_Read_Size_bytes_mean,Delta_POSIX_F_META_TIME_mean,Delta_MII_pct_mean
0.0,shared,4.0,3,1652801.3333333333,1995175.8833509726,6798862373.333333,8239743495.764901,97.74412473515143,93.64637731765299,4091.719308182488,0.0012463333333333335,34.035178333333334,0.003820956241326516,3.3345465004675034,1.0,0.0,0.0,0.0,0.0,0.0
0.0,shared,8.0,3,2956037.3333333335,4239944.906874773,12153909497.666666,17510034509.651043,97.38670436083434,92.82445673193139,4056.8097679792786,0.04866,60.72184033333334,0.053175672339442516,5.960964372716558,1.787638700459217,78.85013000150856,78.76387004592168,-0.8531753420474969,3804.252473923508,1291.6849338473867
0.0,shared,16.0,3,5390794.666666667,8406572.103065157,22149959201.666668,34712341824.65465,96.736485594996,91.33481088166816,3990.694225797992,0.005991333333333334,74.63170033333334,0.01324938767126963,10.863592302016785,3.25789198036186,226.1610792505008,225.789198036186,-2.4690130181332117,380.7167691896228,246.75580756375945
0.0,shared,32.0,1,28045319.0,,116000000000.0,,98.05496952985273,94.35726511080156,4136.162615943145,0.017303,199.315584,0.008681207787545603,56.89295838247528,17.061677914672618,1596.8354535047972,1606.167791467262,1.0861768467788337,1288.3123829901042,127.19987456678541
0.0,shared,48.0,2,18380802.0,25106640.853040297,75628466328.5,103763018010.3495,95.3769298830064,88.25820659677608,3859.4822936274973,0.0239815,217.5531245,0.01450871150532461,37.092475753084344,11.123694255840778,1012.0999015005635,1012.369425584078,-5.675780694207706,1824.1642150307566,279.7141497827686
0.0,shared,64.0,2,672990.0,0.0,2340587821.0,0.0,91.36629073240316,79.14604971842077,3477.8939077846626,0.0250215,141.43184399999998,0.01893909014394217,1.147956599057599,0.34426168562851217,-59.28185762999546,-65.57383143714878,-15.001649775201276,1907.608986359989,395.6636231292487
1.0,shared_reload_shuffle,4.0,2,3950268.0,691.5504320004435,16286914976.5,2029811.533685948,98.06405539933542,94.38338107077092,4122.989895471068,0.0016255,33.802619,0.0047986802213536555,7.988023930490757,1.0,0.0,0.0,0.0,0.0,0.0
1.0,shared_reload_shuffle,8.0,2,4197696.5,5217871.753130054,17281757444.0,21548755420.54819,97.55605711435896,93.21425052438289,4073.361106913071,0.0029335,50.5690985,0.005875959040816672,8.47595092273728,1.0610823147867743,6.263587685696262,6.1082314786774194,-1.2037087117897611,80.4675484466318,22.449481310907775
1.0,shared_reload_shuffle,16.0,2,15175853.0,603121.0721588163,62573300960.0,2497590250.847956,98.06111331416929,94.37593818404335,4123.200608950003,0.0054245000000000005,102.5989605,0.005306231637050596,30.689484546305003,3.8419369813304436,284.1727447352939,284.19369813304434,0.0051106959822120645,233.71270378345125,10.576895985658446
1.0,shared_reload_shuffle,32.0,3,582462.0,0.0,2187401237.0,0.0,94.26589202385735,85.71323107773554,3755.44024674571,0.019151333333333333,73.62882266666666,0.030410086277386447,1.0728252374346203,0.134304209247494,-85.25512699391535,-86.5695790752506,-8.914638600717796,1078.1810724905158,533.7177072576028
1.0,shared_reload_shuffle,48.0,1,627726.0,,2256932657.0,,92.71306270570281,82.19764674396154,3595.4105087251446,0.024548,103.875209,0.02363220275205415,1.1069273769547445,0.13857336765473843,-84.10928068677872,-86.14266323452617,-12.796038800033132,1410.1814826207321,392.47296468919035
1.0,shared_reload_shuffle,64.0,1,40923040.0,,169000000000.0,,98.02325291571692,94.27279840402863,4129.702974168097,0.015838,283.952944,0.00557768473074891,82.88715488481313,10.376427963420086,935.9560414635158,937.6427963420086,0.16282064393131956,874.3463549677024,16.233724137915264
